framework,control_id,control_ref,control_family,related_framework,related_control_id,related_control_ref,related_control_family,relationship,evidence_use,rationale
CCPA,1798.100,CCPA 1798.100,CCPA 1798 Consumer Privacy Rights,CCPA,1798.110,CCPA 1798.110,CCPA 1798 Consumer Privacy Rights,disclosure_detail,review_hint,Collection notices should be reviewed with the categories of personal information disclosed to consumers.
CCPA,1798.100,CCPA 1798.100,CCPA 1798 Consumer Privacy Rights,CCPA,1798.130,CCPA 1798.130,CCPA 1798 Consumer Privacy Rights,request_process_dependency,review_hint,"Notice findings should prompt review of intake, verification, response, and disclosure procedures for consumer requests."
CCPA,1798.120,CCPA 1798.120,CCPA 1798 Consumer Privacy Rights,CCPA,1798.125,CCPA 1798.125,CCPA 1798 Consumer Privacy Rights,non_retaliation_dependency,review_hint,Opt-out exceptions should be checked against non-retaliation evidence for the same consumer journey.
CCPA,1798.120,CCPA 1798.120,CCPA 1798 Consumer Privacy Rights,CCPA,1798.135,CCPA 1798.135,CCPA 1798 Consumer Privacy Rights,opt_out_mechanism_dependency,review_hint,"Opt-out rights need the operating mechanism, signal handling, and consumer-facing method evidence before closure."
EU AI Act,Art.13,EU AI Act Art.13,EU AI Act Art. Articles,EU AI Act,Art.14,EU AI Act Art.14,EU AI Act Art. Articles,deployer_operation_dependency,review_hint,Transparency information should be reviewed with human oversight instructions so deployers can operate the system within approved limits.
EU AI Act,Art.13,EU AI Act Art.13,EU AI Act Art. Articles,EU AI Act,Art.26,EU AI Act Art.26,EU AI Act Art. Articles,deployer_obligation_dependency,review_hint,"Provider information is review context for the deployer monitoring, input-data, and human oversight obligations."
EU AI Act,Art.72,EU AI Act Art.72,EU AI Act Art. Articles,EU AI Act,Art.12,EU AI Act Art.12,EU AI Act Art. Articles,monitoring_record_dependency,review_hint,Post-market monitoring evidence should be checked against retained logs and records for the same high-risk system.
EU AI Act,Art.72,EU AI Act Art.72,EU AI Act Art. Articles,EU AI Act,Art.55,EU AI Act Art.55,EU AI Act Art. Articles,systemic_risk_dependency,review_hint,"General-purpose AI systemic-risk monitoring should link to model evaluation, incident, and mitigation evidence when the model is in scope."
EU AI Act,Art.9,EU AI Act Art.9,EU AI Act Art. Articles,EU AI Act,Art.10,EU AI Act Art.10,EU AI Act Art. Articles,high_risk_system_dependency,review_hint,"High-risk AI risk management should be reviewed with training, validation, and testing data governance evidence for the same system."
EU AI Act,Art.9,EU AI Act Art.9,EU AI Act Art. Articles,EU AI Act,Art.15,EU AI Act Art.15,EU AI Act Art. Articles,technical_control_dependency,review_hint,"Risk management evidence should point reviewers to accuracy, robustness, and cybersecurity controls for the assessed high-risk system."
GDPR,Article 32,GDPR Article 32,GDPR Article Articles,GDPR,Article 33,GDPR Article 33,GDPR Article Articles,evidence_dependency,review_hint,Security-of-processing findings should prompt breach-notification readiness review for the same processing activity.
GDPR,Article 32,GDPR Article 32,GDPR Article Articles,GDPR,Article 34,GDPR Article 34,GDPR Article Articles,evidence_dependency,review_hint,Security-of-processing findings should prompt data-subject notification readiness review when personal-data impact is plausible.
GDPR,Article 35,GDPR Article 35,GDPR Article Articles,GDPR,Article 22,GDPR Article 22,GDPR Article Articles,automated_decision_dependency,review_hint,DPIA evidence should be reviewed with automated-decision safeguards when the processing affects people through profiling or consequential decisions.
GDPR,Article 35,GDPR Article 35,GDPR Article Articles,GDPR,Article 32,GDPR Article 32,GDPR Article Articles,security_dependency,review_hint,DPIA risks should point reviewers to the security measures used to reduce likelihood or impact for the same processing activity.
GDPR,Article 5,GDPR Article 5,GDPR Article Articles,GDPR,Article 24,GDPR Article 24,GDPR Article Articles,accountability_dependency,review_hint,Principle-level findings need ownership and responsibility evidence before the privacy packet is review-ready.
GDPR,Article 5,GDPR Article 5,GDPR Article Articles,GDPR,Article 25,GDPR Article 25,GDPR Article Articles,design_dependency,review_hint,Principle-level findings should be checked against data-protection-by-design evidence for the affected system or processing activity.
GDPR,Article 5,GDPR Article 5,GDPR Article Articles,GDPR,Article 30,GDPR Article 30,GDPR Article Articles,inventory_dependency,review_hint,"Privacy-principle evidence is stronger when the processing activity, purpose, data category, and owner are present in the records of processing."
HIPAA,164.308(a)(6),HIPAA 164.308(a)(6),HIPAA 164.308 Administrative Safeguards,HIPAA,164.312(b),HIPAA 164.312(b),HIPAA 164.312 Technical Safeguards,evidence_dependency,review_hint,Incident-procedure evidence should be reviewed with audit-control records that show how the incident was detected or reconstructed.
HIPAA,164.312,HIPAA 164.312,HIPAA 164.312 Technical Safeguards,HIPAA,164.312(a)(2)(ii),HIPAA 164.312(a)(2)(ii),HIPAA 164.312 Technical Safeguards,child_standard,review_hint,Broad technical-safeguard mappings should prompt access-emergency and access-procedure detail review when the source can provide it.
HIPAA,164.312,HIPAA 164.312,HIPAA 164.312 Technical Safeguards,HIPAA,164.312(a)(2)(iv),HIPAA 164.312(a)(2)(iv),HIPAA 164.312 Technical Safeguards,child_standard,review_hint,Broad technical-safeguard mappings should prompt encryption and decryption detail review for stored electronic protected health information.
HIPAA,164.312,HIPAA 164.312,HIPAA 164.312 Technical Safeguards,HIPAA,164.312(b),HIPAA 164.312(b),HIPAA 164.312 Technical Safeguards,child_standard,review_hint,Broad technical-safeguard mappings should prompt audit-control review so activity records can be tied to the safeguard.
HIPAA,164.312,HIPAA 164.312,HIPAA 164.312 Technical Safeguards,HIPAA,164.312(e)(1),HIPAA 164.312(e)(1),HIPAA 164.312 Technical Safeguards,child_standard,review_hint,Broad technical-safeguard mappings should prompt transmission-security review when protected health information crosses a network boundary.
ISO 27001:2022,A.5.15,ISO 27001:2022 A.5.15,ISO 27001:2022 A.5 Organizational Controls,ISO 27001:2022,A.5.17,ISO 27001:2022 A.5.17,ISO 27001:2022 A.5 Organizational Controls,sibling_scope,review_hint,Access-control policy findings should be checked with authentication-information handling before relying on the access packet.
ISO 27001:2022,A.5.15,ISO 27001:2022 A.5.15,ISO 27001:2022 A.5 Organizational Controls,ISO 27001:2022,A.5.18,ISO 27001:2022 A.5.18,ISO 27001:2022 A.5 Organizational Controls,sibling_scope,review_hint,Access findings are stronger when the same population has recent access-right review or removal evidence.
ISO 27001:2022,A.5.24,ISO 27001:2022 A.5.24,ISO 27001:2022 A.5 Organizational Controls,ISO 27001:2022,A.5.25,ISO 27001:2022 A.5.25,ISO 27001:2022 A.5 Organizational Controls,evidence_dependency,review_hint,Incident-response planning findings should point reviewers to event assessment and decision evidence for the same incident class.
ISO 27001:2022,A.8.15,ISO 27001:2022 A.8.15,ISO 27001:2022 A.8 Technology Controls,ISO 27001:2022,A.8.16,ISO 27001:2022 A.8.16,ISO 27001:2022 A.8 Technology Controls,evidence_dependency,review_hint,Logging evidence should be reviewed with monitoring evidence so retained events are tied to active detection or alert handling.
ISO 27701,7.2.6,ISO 27701 7.2.6,ISO 27701 7 PII Controller Controls,ISO 27701,7.2.8,ISO 27701 7.2.8,ISO 27701 7 PII Controller Controls,sibling_scope,review_hint,Controller privacy findings should be reviewed with the adjacent controller evidence for the same processing activity.
ISO 27701,7.2.6,ISO 27701 7.2.6,ISO 27701 7 PII Controller Controls,ISO 27701,8.2.1,ISO 27701 8.2.1,ISO 27701 8 PII Processor Controls,processor_dependency,review_hint,Controller-side privacy evidence should prompt processor-side evidence review when a third party handles the same personal data.
ISO 42001,10.1,ISO 42001 10.1,ISO 42001 10 Improvement,ISO 42001,10.2,ISO 42001 10.2,ISO 42001 10 Improvement,corrective_action,review_hint,AI nonconformity evidence should point reviewers to corrective-action evidence before the issue is treated as closed.
ISO 42001,6.1,ISO 42001 6.1,ISO 42001 6 Planning,ISO 42001,6.2,ISO 42001 6.2,ISO 42001 6 Planning,planning_dependency,review_hint,AI risk-treatment findings should be reviewed with measurable AI objectives so risk work leads to tracked commitments.
ISO 42001,7.1,ISO 42001 7.1,ISO 42001 7 Support,ISO 42001,7.2,ISO 42001 7.2,ISO 42001 7 Support,evidence_dependency,review_hint,AI resource findings should be reviewed with competence evidence for the teams operating or overseeing the system.
ISO 42001,7.1,ISO 42001 7.1,ISO 42001 7 Support,ISO 42001,7.3,ISO 42001 7.3,ISO 42001 7 Support,evidence_dependency,review_hint,AI resource findings should be reviewed with awareness evidence so operators know the limits and required controls.
ISO 42001,9.1,ISO 42001 9.1,ISO 42001 9 Performance Evaluation,ISO 42001,9.3,ISO 42001 9.3,ISO 42001 9 Performance Evaluation,evidence_dependency,review_hint,"AI monitoring findings should be reviewed with management-review evidence so drift, failures, or risk changes reach accountable owners."
ISO 42001,A.2.2,ISO 42001 A.2.2,ISO 42001 A.2 Policies,ISO 42001,A.6.2.4,ISO 42001 A.6.2.4,ISO 42001 A.6 Lifecycle,operating_context,review_hint,AI policy or use-case findings should be reviewed with impact-assessment evidence for the affected AI system.
ISO 42001,A.2.2,ISO 42001 A.2.2,ISO 42001 A.2 Policies,ISO 42001,A.8.2,ISO 42001 A.8.2,ISO 42001 A.8 Information for Interested Parties,operating_context,review_hint,"AI policy or use-case findings should be reviewed with deployment-operation evidence for the same model, agent, or workflow."
PCI DSS v4.0.1,1.3,PCI DSS v4.0.1 1.3,PCI DSS v4.0.1 1 Network Security Controls,PCI DSS v4.0.1,1.3.1,PCI DSS v4.0.1 1.3.1,PCI DSS v4.0.1 1 Network Security Controls,child_requirement,review_hint,Parent network-boundary mappings should prompt review of the specific inbound and outbound restriction detail.
PCI DSS v4.0.1,10.2,PCI DSS v4.0.1 10.2,PCI DSS v4.0.1 10 Logging and Monitoring,PCI DSS v4.0.1,10.2.1,PCI DSS v4.0.1 10.2.1,PCI DSS v4.0.1 10 Logging and Monitoring,child_requirement,review_hint,Audit-log mappings should prompt event-class detail review so critical access and administrative actions are not hidden in a parent control.
PCI DSS v4.0.1,12.10.1,PCI DSS v4.0.1 12.10.1,PCI DSS v4.0.1 12 Security Program,PCI DSS v4.0.1,10.2,PCI DSS v4.0.1 10.2,PCI DSS v4.0.1 10 Logging and Monitoring,evidence_dependency,review_hint,Incident-response evidence should be checked against audit-log coverage for the same systems and time window.
PCI DSS v4.0.1,3.5,PCI DSS v4.0.1 3.5,PCI DSS v4.0.1 3 Account Data Protection,PCI DSS v4.0.1,3.5.1,PCI DSS v4.0.1 3.5.1,PCI DSS v4.0.1 3 Account Data Protection,child_requirement,review_hint,"Cryptographic-material findings should prompt detail review for key storage, key exposure, and key-management controls."
PCI DSS v4.0.1,4.2,PCI DSS v4.0.1 4.2,PCI DSS v4.0.1 4 Transmission Protection,PCI DSS v4.0.1,4.2.1,PCI DSS v4.0.1 4.2.1,PCI DSS v4.0.1 4 Transmission Protection,child_requirement,review_hint,Transmission-security mappings should prompt protocol and certificate detail review before closure.
PCI DSS v4.0.1,8.3,PCI DSS v4.0.1 8.3,PCI DSS v4.0.1 8 Identity and Authentication,PCI DSS v4.0.1,8.3.6,PCI DSS v4.0.1 8.3.6,PCI DSS v4.0.1 8 Identity and Authentication,child_requirement,review_hint,"Authentication mappings should prompt review of passwordless, password, or equivalent authenticator requirements for the affected user class."
PCI DSS v4.0.1,8.3,PCI DSS v4.0.1 8.3,PCI DSS v4.0.1 8 Identity and Authentication,PCI DSS v4.0.1,8.3.7,PCI DSS v4.0.1 8.3.7,PCI DSS v4.0.1 8 Identity and Authentication,child_requirement,review_hint,"Authentication mappings should prompt review of credential lifecycle requirements when stale, shared, or unmanaged credentials are involved."
PCI DSS v4.0.1,8.4,PCI DSS v4.0.1 8.4,PCI DSS v4.0.1 8 Identity and Authentication,PCI DSS v4.0.1,8.4.2,PCI DSS v4.0.1 8.4.2,PCI DSS v4.0.1 8 Identity and Authentication,child_requirement,review_hint,Multifactor mappings should prompt review of whether the specific access path and user population are included.
SOC 2,CC6.1,SOC 2 CC6.1,SOC 2 CC6 Logical and Physical Access,SOC 2,CC6.2,SOC 2 CC6.2,SOC 2 CC6 Logical and Physical Access,sibling_scope,review_hint,Access-control findings should be reviewed next to entitlement approval and access-change evidence before an audit packet is called complete.
SOC 2,CC6.1,SOC 2 CC6.1,SOC 2 CC6 Logical and Physical Access,SOC 2,CC6.3,SOC 2 CC6.3,SOC 2 CC6 Logical and Physical Access,sibling_scope,review_hint,Authentication or authorization exceptions often need network or system-access boundary evidence to show the full access path.
SOC 2,CC7.1,SOC 2 CC7.1,SOC 2 CC7 System Operations,SOC 2,CC7.2,SOC 2 CC7.2,SOC 2 CC7 System Operations,evidence_dependency,review_hint,"Monitoring findings should prompt review of investigation and response evidence for the same asset, user, or service."
SOC 2,CC7.1,SOC 2 CC7.1,SOC 2 CC7 System Operations,SOC 2,CC7.3,SOC 2 CC7.3,SOC 2 CC7 System Operations,evidence_dependency,review_hint,Detection evidence is stronger when the response or escalation path for the same signal can also be reviewed.
