scope_type,scope,evidence_type,assessment_methods,auditor_guidance,risk_statement,remediation_intent,false_positives
defaults,global,control_state,examine; test,"Confirm the evidence timestamp, asset or subject owner, scope, exception status, and mapped control references before relying on the finding for an audit conclusion.",The mapped control may not be operating effectively for the assessment period.,"Restore the assessed subject to the expected control state, preserve remediation evidence, and document any accepted risk or compensating control.","A compensating control satisfies the mapped control objective and is documented for auditor review.; Inventory, ownership, or policy evidence is stale, incomplete, or not yet synchronized.; The subject is outside the assessment scope or has a documented exception for the audit period."
evidence_mode,cel,resource_state,examine; test,Review the normalized resource snapshot and the evaluated policy conditions to confirm the failed configuration state.,,,
evidence_mode,event,source_event,examine; test,"Review the normalized event, affected subject, current state, owner, and any linked remediation evidence before relying on the finding.",,,
evidence_mode,manual,manual_attestation,examine; interview,"Confirm the attestation owner, approval trail, review date, and supporting document evidence.",,,
evidence_mode,query,query_result,examine,"Review each returned query row as an exception candidate, validate row-level scope, and retain the query result as audit evidence.",,,
domain,ai,ai_governance,examine; interview; test,,"AI governance, oversight, monitoring, or safety controls may not be operating effectively for the model or system.","Update AI inventory, risk assessment, oversight, monitoring, or guardrail evidence and document owner approval.",
domain,api,application_access_control,,,Unauthenticated or weakly controlled application interfaces may expose data or functionality without sufficient authorization evidence.,"Enforce authentication and authorization, validate exposed routes, and retain test evidence for the protected endpoint.",
domain,aws,cloud_configuration,,,Cloud resource configuration may not satisfy the mapped security or compliance control.,"Update the cloud resource configuration, validate the effective state, and retain provider evidence for the changed setting.",
domain,azure,cloud_configuration,,,Cloud resource configuration may not satisfy the mapped security or compliance control.,"Update the Azure resource configuration, validate the effective state, and retain provider evidence for the changed setting.",
domain,backup,resilience_control,,,"Backup, retention, or recovery controls may not provide sufficient operating evidence for resilience requirements.",Enable the required backup or retention setting and preserve restore-test or configuration evidence.,
domain,cerebro,attack_path_context,,,"Correlated resource context indicates a control weakness that may increase privilege, exposure, or data-risk impact.","Remediate the underlying resource state, reduce the correlated attack path, and retain graph/evidence context for review.",
domain,certificate,cryptographic_control,,,"Certificate lifecycle or cryptographic configuration may not satisfy confidentiality, integrity, or availability expectations.","Renew, rotate, or reconfigure certificates and retain evidence of the effective cryptographic state.",
domain,cicd,delivery_pipeline_control,,,"Build, deployment, or release controls may allow unauthorized changes, secret exposure, or unreviewed execution.","Harden pipeline configuration, protect credentials and runners, and retain pipeline configuration evidence.",
domain,cloud,cloud_configuration,,,"Cloud exposure, identity, or resource posture may not satisfy the mapped security or compliance control.","Update the cloud resource or identity state, validate effective access or exposure, and retain provider evidence.",
domain,collaboration,collaboration_control,,,"Collaboration access, sharing, authentication, or application controls may not provide sufficient collaboration evidence.","Update collaboration user, channel, app, sharing, or authentication settings and retain admin evidence.",
domain,compliance,control_procedure,examine; interview,,"Required governance, review, approval, or procedural evidence may be missing or incomplete.","Complete the required procedure, attach supporting evidence, and record owner approval.",
domain,container,workload_configuration,,,"Container workload posture may not satisfy hardening, vulnerability, or runtime control expectations.","Rebuild or reconfigure the workload, validate runtime posture, and retain deployment evidence.",
domain,database,data_store_configuration,,,"Database configuration may not satisfy encryption, backup, access, or exposure controls.","Update database configuration, validate effective state, and retain provider evidence.",
domain,dspm,data_security_posture,,,"Sensitive data discovery, classification, access, or protection evidence may be incomplete.","Update data classification, access controls, retention, or protection settings and retain evidence.",
domain,endpoint,endpoint_posture,,,"Endpoint posture, protection, or management evidence may not satisfy operational security controls.","Restore endpoint protection, update device posture, and retain agent or MDM evidence.",
domain,gcp,cloud_configuration,,,Cloud resource configuration may not satisfy the mapped security or compliance control.,"Update the Google Cloud resource configuration, validate the effective state, and retain provider evidence for the changed setting.",
domain,github,source_control_governance,,,"Source control, dependency, repository, or code-security evidence may not satisfy change or vulnerability controls.","Update repository controls, remediate the alert or configuration, and retain repository evidence.",
domain,grc,governance_risk_compliance,examine; interview,,"Governance, risk, compliance, or control-owner evidence may be incomplete for the assessment period.","Update the control record, owner, test, review, or linked evidence and retain approval or exception details.",
domain,hipaa,regulated_data_control,examine; interview,,Regulated data safeguards or administrative evidence may be incomplete for the assessment period.,"Restore the safeguard, attach supporting evidence, and document ownership and exception status.",
domain,hubspot,revenue_process_control,examine; interview,,"Customer, renewal, or revenue-process evidence may indicate an unmanaged operational control gap.","Update the customer record, owner workflow, approval, or next action and retain evidence of review.",
domain,identity,identity_governance,,,"Identity lifecycle, access, authentication, or entitlement controls may not be operating effectively.","Correct the identity or entitlement state, revoke inappropriate access, and retain access-review or system evidence.",
domain,incident_response,incident_response_control,examine; interview; test,,"Incident response, escalation, or case-handling evidence may not show timely triage, containment, or owner follow-up.","Complete triage or escalation, document containment or case closure, and retain incident evidence.",
domain,integration,integration_control,examine; test,,"Source integration, workflow, or coordination evidence may not show that the control signal is complete and actionable.","Restore the integration or workflow state, validate the signal path, and retain test evidence.",
domain,kubernetes,workload_configuration,,,"Kubernetes workload, network, or RBAC configuration may not satisfy workload security controls.","Update manifests or cluster configuration, validate the effective state, and retain deployment evidence.",
domain,m365,collaboration_control,,,"Collaboration, sharing, DLP, or mailbox controls may not provide sufficient data-protection evidence.",Update tenant policy or sharing state and retain admin-center evidence.,
domain,network,network_configuration,,,"Network exposure, segmentation, or traffic-control evidence may not satisfy security requirements.","Restrict network access, validate effective reachability, and retain configuration evidence.",
domain,okta,identity_governance,,,"Identity policy, authentication, or session controls may not be operating effectively.","Update Okta policy or user state, validate the effective policy assignment, and retain admin evidence.",
domain,org,organizational_process,examine; interview,,"Organizational ownership, dependency, or customer-health controls may lack sufficient operating evidence.","Assign ownership, complete the operational review, and retain approval or workflow evidence.",
domain,pci,cardholder_data_control,,,Cardholder-data environment safeguards may not have sufficient evidence for the assessment period.,"Restore the required safeguard, validate CDE scope, and retain remediation evidence.",
domain,privacy,privacy_request,examine; interview; test,,"Privacy request, consent, notice, or processing-inventory evidence may be incomplete for the assessment period.","Update the privacy workflow, consent record, notice evidence, or processing inventory and retain owner review evidence.",
domain,runtime,runtime_threat_signal,,,"Runtime threat evidence may indicate active compromise, malware, abuse, or policy bypass.","Triage the runtime signal, contain affected assets, remediate the root cause, and retain incident evidence.",
domain,salesforce,revenue_process_control,examine; interview,,Customer or opportunity management evidence may indicate an unmanaged business control gap.,"Update the opportunity or account record, confirm owner action, and retain review evidence.",
domain,secrets,secret_management,,,"Secret storage, exposure, or rotation evidence may not satisfy credential-protection controls.","Remove exposed secrets, rotate credentials, update storage controls, and retain rotation evidence.",
domain,sentinelone,endpoint_detection_response,,,"Endpoint detection, protection, or response controls may not be operating effectively.","Triage the threat or agent state, restore protection controls, and retain SentinelOne evidence.",
domain,stripe,billing_process_control,examine; interview,,"Billing, payment, refund, or approval evidence may indicate an unmanaged financial process control gap.","Review the billing record, complete approval or customer action, and retain evidence.",
domain,telemetry,observability_control,,,"Telemetry, logging, or monitoring evidence may be incomplete for detecting control failures.","Restore telemetry collection, validate signal quality, and retain monitoring evidence.",
domain,vendor,third_party_risk,examine; interview,,Third-party risk review or vendor ownership evidence may be missing or overdue.,"Complete the vendor review, update ownership, and retain assessment evidence.",
domain,vulnerability,vulnerability_management,,,"Vulnerability detection, prioritization, or remediation evidence may not satisfy risk-management expectations.","Patch, mitigate, or accept the vulnerability with documented risk approval and retain validation evidence.",
domain,zendesk,support_process_control,examine; interview,,Support SLA or customer-response evidence may indicate an unmanaged operational control gap.,"Update the ticket, complete customer action, and retain SLA review evidence.",
